http_code	bytes	file	url
200	6229	add-herdr-support.mdx	https://raw.githubusercontent.com/herdrdev/herdr/v0.9.3/docs/next/website/src/content/docs/add-herdr-support.mdx
200	12141	agent-automation.mdx	https://raw.githubusercontent.com/herdrdev/herdr/v0.9.3/docs/next/website/src/content/docs/agent-automation.mdx
200	2882	agent-skill.mdx	https://raw.githubusercontent.com/herdrdev/herdr/v0.9.3/docs/next/website/src/content/docs/agent-skill.mdx
200	10739	agents.mdx	https://raw.githubusercontent.com/herdrdev/herdr/v0.9.3/docs/next/website/src/content/docs/agents.mdx
200	36483	cli-reference.mdx	https://raw.githubusercontent.com/herdrdev/herdr/v0.9.3/docs/next/website/src/content/docs/cli-reference.mdx
200	3568	concepts.mdx	https://raw.githubusercontent.com/herdrdev/herdr/v0.9.3/docs/next/website/src/content/docs/concepts.mdx
200	32544	configuration.mdx	https://raw.githubusercontent.com/herdrdev/herdr/v0.9.3/docs/next/website/src/content/docs/configuration.mdx
200	15116	connecting-machines.mdx	https://raw.githubusercontent.com/herdrdev/herdr/v0.9.3/docs/next/website/src/content/docs/connecting-machines.mdx
200	3631	how-to-work.mdx	https://raw.githubusercontent.com/herdrdev/herdr/v0.9.3/docs/next/website/src/content/docs/how-to-work.mdx
200	2774	index.mdx	https://raw.githubusercontent.com/herdrdev/herdr/v0.9.3/docs/next/website/src/content/docs/index.mdx
200	6242	install.mdx	https://raw.githubusercontent.com/herdrdev/herdr/v0.9.3/docs/next/website/src/content/docs/install.mdx
200	21274	integrations.mdx	https://raw.githubusercontent.com/herdrdev/herdr/v0.9.3/docs/next/website/src/content/docs/integrations.mdx
200	8084	keyboard.mdx	https://raw.githubusercontent.com/herdrdev/herdr/v0.9.3/docs/next/website/src/content/docs/keyboard.mdx
200	2300	marketplace.mdx	https://raw.githubusercontent.com/herdrdev/herdr/v0.9.3/docs/next/website/src/content/docs/marketplace.mdx
200	8153	persistence-remote.mdx	https://raw.githubusercontent.com/herdrdev/herdr/v0.9.3/docs/next/website/src/content/docs/persistence-remote.mdx
200	16008	plugins.mdx	https://raw.githubusercontent.com/herdrdev/herdr/v0.9.3/docs/next/website/src/content/docs/plugins.mdx
200	3834	quick-start.mdx	https://raw.githubusercontent.com/herdrdev/herdr/v0.9.3/docs/next/website/src/content/docs/quick-start.mdx
200	9920	session-state.mdx	https://raw.githubusercontent.com/herdrdev/herdr/v0.9.3/docs/next/website/src/content/docs/session-state.mdx
200	45816	socket-api.mdx	https://raw.githubusercontent.com/herdrdev/herdr/v0.9.3/docs/next/website/src/content/docs/socket-api.mdx
200	6965	troubleshooting.mdx	https://raw.githubusercontent.com/herdrdev/herdr/v0.9.3/docs/next/website/src/content/docs/troubleshooting.mdx
200	10690	windows-beta.mdx	https://raw.githubusercontent.com/herdrdev/herdr/v0.9.3/docs/next/website/src/content/docs/windows-beta.mdx
200	58623	config-reference.json	https://raw.githubusercontent.com/herdrdev/herdr/v0.9.3/docs/next/website/src/data/config-reference.json
200	310497	llms-small.txt	https://herdr.dev/llms-small.txt
200	8305	agent-guide.md	https://herdr.dev/agent-guide.md
